Date,hashtags,municipality,Tweets,Weekday
2019-11-26 14:08:36,"['#chooseday', '#skabaiza,']",Unknown Municipality,"#ChooseDay 

#SkaBaiza, say NO to unsafe electrical practices. https://t.co/RoMRVnwBb4",Tuesday
2019-11-21 14:38:28,['#dyk'],Unknown Municipality,#DYK that it can be easy for households to save electricity (and costs) during summer as well as minimize the riskâ€¦ https://t.co/gQry6bgILp,Thursday
2019-11-24 10:45:04,"['#electricitycosts', '#moneymatters']",Unknown Municipality,Watch and Share: Understanding your #ElectricityCosts https://t.co/9jbAqZ2yOg by @mayaonmoney #moneymatters,Sunday
2019-11-23 10:32:12,['#electricitysafety:'],Unknown Municipality,#ElectricitySafety: Planning on doing some DIY around the house this weekend?? Check out these handy tips fromâ€¦ https://t.co/IajUGp8kAe,Saturday
2019-11-21 06:32:22,"['#energyefficient', '#useelectricitysmartly']",Unknown Municipality,Being #energyefficient in the office is simple with these easy tips. #UseElectricitySmartly and minimise the risk oâ€¦ https://t.co/3hvScTcpvV,Thursday
2019-11-20 10:25:20,"['#eskom', '#eskom', '#poweringyourworld']",Unknown Municipality,"#Eskom connected 400 houses and in the process of connecting 1700 more.

#Eskom #PoweringYourWorld

@David_Makhuraâ€¦ https://t.co/RC9lT6okF8",Wednesday
2019-11-25 07:34:03,['#eskom'],Unknown Municipality,'@Miziegee Please call your service provider if experiencing a power failure. If serviced by #Eskom call 0860037566â€¦ https://t.co/K4iQTO92t2,Monday
2019-11-25 07:35:28,['#eskom'],Unknown Municipality,'@shaun_crisp Please call your service provider if experiencing a power failure. If serviced by #Eskom call 08600375â€¦ https://t.co/IWCF6cIXdZ,Monday
2019-11-27 16:10:14,['#eskom'],Unknown Municipality,How to contact #Eskom for service: https://t.co/rqEWV3k7OC https://t.co/oQHyIUgyca,Wednesday
2019-11-25 12:41:49,['#eskom'],Unknown Municipality,Illegal connections are a major issue. #Eskom + municipalities remove illegal connections daily but they are reconnâ€¦ https://t.co/W7dwcFkxgP,Monday
2019-11-26 08:34:20,['#eskom'],Unknown Municipality,RT @CyrilRamaphosa: Visit to Medupi Power Station #Eskom  https://t.co/R2DPMRqdtD,Tuesday
2019-11-28 13:12:50,['#eskom'],Unknown Municipality,RT @EngNewsZA: [PART 2]:Â  @Eskom_SA Announces Interim Results for the six months to 30 September 2019 | #Eskom https://t.co/QdmiUTsnrN,Thursday
2019-11-28 13:13:08,['#eskom'],Unknown Municipality,RT @EngNewsZA: [PART 3]:Â  @Eskom_SA Announces Interim Results for the six months to 30 September 2019 | #Eskom https://t.co/WlX9B5mq0a,Thursday
2019-11-28 13:13:13,['#eskom'],Unknown Municipality,RT @EngNewsZA: [WATCH]:Â  @Eskom_SA Announces Interim Results for the six months to 30 September 2019 | #Eskom https://t.co/7SB9woD0K3,Thursday
2019-11-26 12:09:47,['#eskom_mediastatement'],Unknown Municipality,"#Eskom_MediaStatement : Eskom Medupi Unit 2 achieves commercial operation.

@IOL @ewnupdates @SAfmnews @SowetanLIVEâ€¦ https://t.co/5JOJdlkCYS",Tuesday
2019-11-22 07:47:42,['#eskom_northwest'],Unknown Municipality,#Eskom_NorthWest Rustenburg Sector Update https://t.co/qAsbPvMuFh,Friday
2019-11-28 09:31:52,['#eskombic'],Unknown Municipality,"RT @EskomFoundation: As we get closer to announcing the #EskomBIC winner, we can't help but reminisce about The forum we hosted early lastâ€¦",Thursday
2019-11-25 13:45:23,"['#eskomeasterncape', '#mediastatement']",Unknown Municipality,"#EskomEasternCape #MediaStatement

Update: Interruption of bulk electricity supply to Enoch Mgijima Local Municipalâ€¦ https://t.co/3pzUZ4pNsx",Monday
2019-11-25 09:02:46,['#eskomeasterncape'],Unknown Municipality,#EskomEasternCape Provincial management is meeting with Contractors regarding issues that can assist in achieving iâ€¦ https://t.co/5PpLVxbRyL,Monday
2019-11-23 09:36:21,['#eskomexpoisf'],Unknown Municipality,RT @Exposcience: #EskomExpoISF Fatima Kaka from Kismet Combinedâ€™s â€œMagnetic Turbulenceâ€ project was successful in generating electrical eneâ€¦,Saturday
2019-11-25 13:11:20,"['#eskomfreestate', '#mediastatement']",Unknown Municipality,#ESKOMFREESTATE #MEDIASTATEMENT : ESKOM SERVES NOTICE TO STOP PROVISION OF ELECTRICITY SUPPLY SERVICES https://t.co/i2U2k87sUV,Monday
2019-11-29 12:17:43,"['#eskomfreestate', '#mediastatement']",Unknown Municipality,"#ESKOMFREESTATE #MEDIASTATEMENT : ESKOM SUSPENDS PLANNED ELECTRICITY SUPPLY INTERRUPTIONS TO 
MANGAUNG METROPOLITANâ€¦ https://t.co/MtBo6gjcte",Friday
2019-11-28 17:23:01,"['#eskomfreestate', '#mediastatement']",Unknown Municipality,"#ESKOMFREESTATE #MEDIASTATEMENT

RESPONSE TO MANGAUNG METROâ€™S STATEMENT ON THE OUTCOME OF 
THE MEETING BETWEEN ESKOâ€¦ https://t.co/lFQ3YparJK",Thursday
2019-11-27 06:49:21,"['#eskomgauteng', '#poweroutage']",Unknown Municipality,"#EskomGauteng #PowerOutage  Sandton area

Eskom customers in Sandown and  surrounding areas are experiencing a poweâ€¦ https://t.co/HDQgMosM7i",Wednesday
2019-11-28 13:26:30,"['#eskomgauteng', '#poweroutage']",Unknown Municipality,"#EskomGauteng #PowerOutage - Sandton area

Eskom customers in Sandton and surrounding areas are experiencing a poweâ€¦ https://t.co/7mWMdEqhVd",Thursday
2019-11-27 09:16:47,['#eskomgauteng:'],Unknown Municipality,"#EskomGauteng: Rivonia outage

Customers in Kudu Crescent and Eland Crescent are currently experiencing a power supâ€¦ https://t.co/Vn8EY2PAvU",Wednesday
2019-11-28 08:00:15,['#eskomgauteng:update'],Unknown Municipality,"#EskomGauteng:Update Sandton Outage

Supply has been restored in Sandown, Parkmore &amp; surrounding areas. If your powâ€¦ https://t.co/TI2PJc4xGJ",Thursday
2019-11-21 12:48:00,['#eskomgauteng'],Unknown Municipality,#EskomGauteng partnered with the Sedibeng Disaster Management department and @Rand_Water  to create safety awarenesâ€¦ https://t.co/1giA1lGJbT,Thursday
2019-11-25 16:59:10,['#eskomkzn'],Unknown Municipality,"#EskomKZN GM, Agnes Mlambo (top left) urged contractors to work safely and ethically during the annual Contractorsâ€¦ https://t.co/h14fJ6GQpC",Monday
2019-11-20 14:49:40,['#eskomkzn'],Unknown Municipality,#EskomKZN hosted an information sharing session with KZN Top Customers. It was an opportunity to engage meaningfullâ€¦ https://t.co/EGjrQa7GFM,Wednesday
2019-11-21 13:09:05,"['#eskomlimpopo', '#mediastatement']",Unknown Municipality,"#EskomLimpopo #MediaStatement

ALLDAYS ELECTRICITY SUPPLY OUTAGE https://t.co/eHkB3KMUdQ",Thursday
2019-11-20 13:57:02,['#eskomlimpopo'],Unknown Municipality,#EskomLimpopo :  Customers in  Mantsole area are experiencing electricity supply interruptions due to a fault on thâ€¦ https://t.co/UEVSFPYizo,Wednesday
2019-11-22 09:53:52,['#eskomlimpopo'],Unknown Municipality,#EskomLimpopo Customers in the Burgersfort area are experiencing electricity supply interruptions due to a fault atâ€¦ https://t.co/AScFWes0X6,Friday
2019-11-28 12:50:07,['#eskommediastatement'],Unknown Municipality,"#EskomMediaStatement : Eskom results indicate some positive financial performance for the first half of the year, aâ€¦ https://t.co/zZMEmTotxa",Thursday
2019-11-29 11:07:18,['#eskommpumalanga'],Unknown Municipality,#EskomMpumalanga hosted a Supplier Development and Localisation workshop in Eerstehoek where 18 local business owneâ€¦ https://t.co/bYugbjn1Ko,Friday
2019-11-20 15:28:02,['#eskomnortherncape'],Unknown Municipality,"#EskomNorthernCape  Contractor Forum

Reiteration of Safety and Compliance messaging and reflecting on the past yeaâ€¦ https://t.co/BAmRYkzviX",Wednesday
2019-11-25 12:21:21,"['#eskomnorthwest', '#mediastatement']",Unknown Municipality,#ESKOMNORTHWEST #MEDIASTATEMENT : NOTICE OF SUPPLY INTERRUPTION IN LICHTENBURG AREA https://t.co/7HfWVxLliT,Monday
2019-11-29 08:33:17,['#eskomnorthwest'],Unknown Municipality,#EskomNorthWest Supplier Development and Localisation (SDL) Department engaged up and coming entrepreneurs from Mahâ€¦ https://t.co/qU2gPvzCmP,Friday
2019-11-26 10:15:27,['#eskomnorthwest'],Unknown Municipality,"#EskomNorthWest to conduct an interactive presentation on ""How to do business with Eskom"". See below invitation ðŸ‘‡ðŸ‘‡ðŸ‘‡ https://t.co/UKfwi1dykz",Tuesday
2019-11-22 09:08:33,"['#fridayfeeling', '#eskomexpoisf']",Unknown Municipality,RT @Exposcience: #FridayFeeling #EskomExpoISF Vuyo Nzimande from Mangaung Intermediate School in Qwaqwa incorporated the cultural aspects oâ€¦,Friday
2019-11-29 11:27:56,"['#fridaymotivation', '#eskomexpoisf']",Unknown Municipality,RT @Exposcience: #FridayMotivation #EskomExpoISF Eskom Expo for Young Scientists in Gauteng hosted a science camp at Jiyana Secondary Schooâ€¦,Friday
2019-11-29 09:08:12,['#fridaythoughts'],Unknown Municipality,RT @Exposcience: #FridayThoughts Norman Mashiri from Dr Joseph Shabalala School received the top ICT project award from @SiemensAfrica in pâ€¦,Friday
2019-11-28 09:21:12,['#gresswoldoutage'],Johannesburg,"RT @CityPowerJhb: UPDATE: #GresswoldOutage Bramley Gardens distributor tripped, Causing a total loss of  supply in:
Bramely Park
Wynberg
Brâ€¦",Thursday
2019-11-20 13:26:30,['#huddonplannedoutage'],Johannesburg,"RT @CityPowerJhb: UPDATE: RegionF
#HuddonPlannedOutage Please take note of planned power interruption on Friday 22 Nov 2019 from 08h00 untiâ€¦",Wednesday
2019-11-20 14:17:59,['#icymi'],Unknown Municipality,#ICYMI FAKE NEWS ALERT https://t.co/puFHTfLOEJ,Wednesday
2019-11-25 14:56:06,['#inthenews'],Unknown Municipality,"#InTheNews : Three caught trying to steal copper cables https://t.co/eA08tSLUkC by Roodepoort Record

Report cableâ€¦ https://t.co/tnp7ORapw8",Monday
2019-11-26 09:16:20,"['#investinsaenergy', '#khawuleza']",Unknown Municipality,RT @GwedeMantashe1: Viva to the workers at the Medupi Power Station. #InvestinSAEnergy #Khawuleza @Eskom_SA https://t.co/WhRoX74e9r,Tuesday
2019-11-28 12:12:18,['#jabumabuza:'],Unknown Municipality,"#JabuMabuza: Since we shared our annual results in July, there have been some notable developments and key milestonâ€¦ https://t.co/N0DTlrHapQ",Thursday
2019-11-28 12:09:44,['#jabumabuza:'],Unknown Municipality,#JabuMabuza: We always endeavour to keep our stakeholders and fellow South Africans reliably informed about our busâ€¦ https://t.co/d1FIDsCfLO,Thursday
2019-11-28 12:34:03,['#jabumabuza'],Unknown Municipality,"#JabuMabuza : While a net profit of R1.3 billion was realised by September, a R20 billion loss is projected by yearâ€¦ https://t.co/9otWn8KhT5",Thursday
2019-11-28 12:29:29,['#jabumabuza'],Unknown Municipality,"#JabuMabuza : While we continue to face operational and financial challenges, for the interim reporting period endiâ€¦ https://t.co/fVSOHBXJjn",Thursday
2019-11-26 07:50:09,['#khâ€¦'],Unknown Municipality,RT @GCISMedia: President Cyril Ramaphosa arrived at Medupi power station for the tour ahead of the launch of District Development Model #Khâ€¦,Tuesday
2019-11-26 08:04:12,['#khawuleza'],Unknown Municipality,RT @CyrilRamaphosa: Visit to Medupi Power Station #Khawuleza  https://t.co/nwi0KIKTSK,Tuesday
2019-11-26 07:09:45,['#khawuleza'],Unknown Municipality,"RT @GCISMedia: #Khawuleza President Ramaphosa will also today, 26 November 2019 visit the Eskomâ€™s Medupi Power Station where he will receivâ€¦",Tuesday
2019-11-26 08:43:37,['#khawuleza'],Unknown Municipality,RT @GCISMedia: #Khawuleza President Ramaphosa: Eskom is too important to the life of our country.@GovernmentZA @SAgovnews @LimpopoGcis,Tuesday
2019-11-26 08:43:37,['#khawuleza'],Unknown Municipality,RT @GCISMedia: #Khawuleza President Ramaphosa: Government will continue to support Eskom. @GovernmentZA gov @SAgovnews @LimpopoGcis,Tuesday
2019-11-26 08:33:56,['#khawulezaâ€¦'],Unknown Municipality,RT @GCISMedia: Thousands of Medupi employees gathered at Medupi power station where President Cyril Ramaphosa will address them.#Khawulezaâ€¦,Tuesday
2019-11-26 09:15:18,['#medupipowerplantâ€™s'],Unknown Municipality,"RT @SAgovnews: He announces that #MedupiPowerPlantâ€™s Unit 2 has this morning been commissioned. Unit 1, he adds, will be commissioned earlyâ€¦",Tuesday
2019-11-25 07:33:28,"['#mondaymotivation', '#eskomexpoisf.']",Unknown Municipality,RT @Exposcience: #MondayMotivation Shaylyn Dippen from Newcastle High School has been awarded a bursary from @Eskom_SA at #EskomExpoISF. Thâ€¦,Monday
2019-11-25 07:03:56,"['#mondaymotivation', '#eskomexpoisf']",Unknown Municipality,"RT @Exposcience: #MondayMotivation For their #EskomExpoISF project, Mbavhalelo Sidimela &amp; Shifa Ismail from Mbilwi Secondary aimed to assisâ€¦",Monday
2019-11-28 09:21:31,['#noorwykplannedoutage'],Johannesburg,RT @CityPowerJhb: #NoorwykPlannedOutage in progress until 17h00. Crescent Wood Estate is affected. We apologise for any inconvenience causeâ€¦,Thursday
2019-11-23 07:49:16,['#power'],Unknown Municipality,"#POWER ALERT 1

Date: 23 November 2019

No loadshedding expected today, despite a constrained and vulnerable systemâ€¦ https://t.co/ZVx80qRENy",Saturday
2019-11-26 06:42:54,['#poweralert'],Unknown Municipality,"#PowerAlert 1

Date: 26 November 2019

No loadshedding expected today, despite a constrained and vulnerable systemâ€¦ https://t.co/ZwCoPR7Q8b",Tuesday
2019-11-27 06:41:21,['#poweralert'],Unknown Municipality,"#PowerAlert 1

Date: 27 November 2019

No loadshedding expected today, despite a constrained and vulnerable systemâ€¦ https://t.co/wComZnYNsM",Wednesday
2019-11-21 06:02:15,['#poweralert'],Unknown Municipality,"#POWERALERT 1
Date: 21 November 2019

No loadshedding expected today, despite a constrained and vulnerable system https://t.co/XgwdUh3ivD",Thursday
2019-11-22 07:01:36,['#poweralert'],Unknown Municipality,"#POWERALERT 1
Date: 22 November 2019

No loadshedding expected today, despite a constrained and vulnerable system https://t.co/pL3qkdRkV5",Friday
2019-11-24 06:05:26,['#poweralert'],Unknown Municipality,"#POWERALERT 1
Date: 24 November 2019

No loadshedding expected today, despite a constrained and vulnerable system https://t.co/NwMbqLScFq",Sunday
2019-11-25 06:39:31,['#poweralert'],Unknown Municipality,"#POWERALERT 1
Date: 25 November 2019

No loadshedding expected today, despite a constrained and vulnerable system https://t.co/5ljKHQVDd4",Monday
2019-11-28 05:48:58,['#poweralert'],Unknown Municipality,"#POWERALERT 1
Date: 28 November 2019

No loadshedding expected today, despite a constrained and vulnerable system https://t.co/Y0HtjQk2vI",Thursday
2019-11-29 06:56:21,['#poweralert'],Unknown Municipality,"#POWERALERT 1
Date: 29 November 2019

No loadshedding expected today, despite a constrained and vulnerable system https://t.co/1uY3251eGJ",Friday
2019-11-23 06:13:55,['#poweroutages'],Unknown Municipality,'@Brucee_011 DYK that you can report #poweroutages on MyEskom Customer App https://t.co/99xBTCodMzÂ  ? The system wilâ€¦ https://t.co/8s5VzalShm,Saturday
2019-11-23 06:13:40,['#poweroutages'],Unknown Municipality,'@CliffShiko DYK that you can report #poweroutages on MyEskom Customer App https://t.co/99xBTCodMz  ? The system wilâ€¦ https://t.co/3Jexj914HT,Saturday
2019-11-23 13:39:47,['#poweroutages'],Unknown Municipality,DYK that you can report #poweroutages and meter error codes on MyEskom Customer App https://t.co/99xBTCodMz  ? Theâ€¦ https://t.co/KnpeOA1oLQ,Saturday
2019-11-20 12:19:17,['#publicsafety:'],Unknown Municipality,#PublicSafety: Make sure that you and your family know how to work with electricity safely at homeâ€¦ https://t.co/adNN5us9Kn,Wednesday
2019-11-28 13:34:41,['#randburgoutage'],Johannesburg,"RT @CityPowerJhb: #RandburgOutage City Power is currently experiencing power outage in Greater Randburg. Affecting:
Cresta 
Darrenwood
Windâ€¦",Thursday
2019-11-25 13:13:25,['#renewable'],Unknown Municipality,"RT @ukinsouthafrica: Today weâ€™re visiting Sere Wind farm, @Eskom_SA large-scale #Renewable energy project &amp; first planned site for  @Eskom_â€¦",Monday
2019-11-26 06:50:49,['#sabcâ€¦'],Unknown Municipality,RT @MikeMaringa: President Ramaphosa will this morning go on a site inspection at the Medupi Power station and later address workers. #SABCâ€¦,Tuesday
2019-11-21 08:39:28,['#skabaiza.'],Unknown Municipality,"#SkaBaiza. Low hanging and fallen cables can be live and dangerous. Never touch or move them!

Report these to Eskoâ€¦ https://t.co/91kKFvAfuw",Thursday
2019-11-20 18:04:30,['#update:'],Johannesburg,"RT @CityPowerJhb: #update: Distributor supplying Alexandra Ext.5,Far East Bank Ext.1 and Marlboro is tripped.Technical team on route we apoâ€¦",Wednesday
2019-11-22 10:07:01,['#update'],Johannesburg,"RT @CityPowerJhb: #Update Beyers Naude Gayfield distributor tripped affecting power supply in Randparkrif extensions and surroundings, operâ€¦",Friday
2019-11-20 18:04:15,['#update'],Johannesburg,RT @CityPowerJhb: #UPDATE JG Strydom distributor is tripped causing total loss of power in weltevredenpark ext and surrounding.Techniciansâ€¦,Wednesday
2019-11-26 16:08:19,['#useelectricitysmartly'],Unknown Municipality,#UseElectricitySmartly and lighten the load in your living rooms and bedrooms with these energy efficiency tips ðŸ‘‡ðŸ½ðŸ‘‡ðŸ½ https://t.co/84NQolQNnD,Tuesday
2019-11-27 09:02:22,"['#wednesdaywisdom', '#eskomexpoisf', '#oksef']",Unknown Municipality,RT @Exposcience: #WednesdayWisdom #EskomExpoISF Joshua Sylvain de Miranda from Tyger Valley College represented SA at #OKSEF in Turkey in Jâ€¦,Wednesday
2019-11-28 09:21:23,['#westfieldplannedoutage'],Johannesburg,RT @CityPowerJhb: #WestfieldPlannedOutage in progress  until 16:00. Please note it's necessary to do essential to do maintenance work on ouâ€¦,Thursday
2019-11-24 07:27:31,No Hashtag,Johannesburg,'@2114f0aa68fb435 @CityofJoburgZA @CityPowerJhb Please report to Customer Services on 08600 37566,Sunday
2019-11-25 07:34:46,No Hashtag,Johannesburg,'@Candi_man @Miziegee @CityPowerJhb Please call your service provider if experiencing a power failure. If serviced bâ€¦ https://t.co/7w1PUzGKL7,Monday
2019-11-29 11:28:40,No Hashtag,Johannesburg,'@IamGladstone @CityPowerJhb @HermanMashaba The outage is due to cable theft. Technicians dispatched to site. No ETR..,Friday
2019-11-23 09:53:06,No Hashtag,Johannesburg,"'@LebohangKP @CityPowerJhb Was this reported to Eskom? If not, pls call 0860037566",Saturday
2019-11-25 07:03:17,No Hashtag,Johannesburg,'@Miziegee @CityPowerJhb please assist.,Monday
2019-11-27 17:22:53,No Hashtag,Johannesburg,'@Pj_MOSES @CityPowerJhb @PJ_Moses Eskom is working on the fault affecting Parkmore. We still don't have an ETR at tâ€¦ https://t.co/9lbI0mIFHy,Wednesday
2019-11-26 15:51:10,No Hashtag,Johannesburg,'@Sandton_News @CityPowerJhb @SAPoliceService We can confirm that a man was electrocuted while allegedly tampering wâ€¦ https://t.co/iRD60N91gZ,Tuesday
2019-11-24 06:24:30,No Hashtag,Johannesburg,RT @CityPowerJhb: REMINDER: Please be reminded of a planned outage in Hillbrow that will be implemented today at 8:00^BP https://t.co/MrCDWâ€¦,Sunday
2019-11-20 18:05:14,No Hashtag,Johannesburg,"RT @CityPowerJhb: UPDATE: Beyers Naude Prince distributor tripped, Causing a total loss of supply in Windsor,Windsor West &amp; surrounds.  Tecâ€¦",Wednesday
2019-11-24 06:24:21,No Hashtag,Johannesburg,"RT @CityPowerJhb: UPDATE: Distributor supplying  Discovery ,Georgina, Creswell Park, Rand Leases, Hamberg and Florida Lake tripped. Technicâ€¦",Sunday
2019-11-28 10:04:45,No Hashtag,Johannesburg,"RT @CityPowerJhb: UPDATE: Distributor supplying Westbury North tripped, Affected areas: Westbury Ext.2
Westbury Ext.3
Newclare
Westbury andâ€¦",Thursday
2019-11-28 10:04:48,No Hashtag,Johannesburg,"RT @CityPowerJhb: UPDATE: Hopefield Distributor tripped, Affected area: Lawley 2 and surrounding, Technicians are dispatched to work on resâ€¦",Thursday
2019-11-22 09:10:24,No Hashtag,Tshwane,"'@Oratile_Tshelo @CityTshwane @EFFSouthAfrica @TshwaneEff Good day, pls send us a reference number so that we can foâ€¦ https://t.co/WfAMk4ZmJr",Friday
2019-11-28 12:15:01,No Hashtag,Unknown Municipality,'- The approval and launching of the Special Paper on Eskom have set the tone for the restructure of Eskom within aâ€¦ https://t.co/WrdPwErPn1,Thursday
2019-11-28 12:13:24,No Hashtag,Unknown Municipality,'- The promulgation of the Integrated Resource Plan (IRP) set the base for much-needed policy direction in the futurâ€¦ https://t.co/crpcb7QguH,Thursday
2019-11-20 10:07:59,No Hashtag,Unknown Municipality,'@ArthurGodbeer Is the power restored as yet?,Wednesday
2019-11-29 12:50:54,No Hashtag,Unknown Municipality,'@BongaDlulane Please send an email to mediadesk@eskom.co.za,Friday
2019-11-29 12:46:10,No Hashtag,Unknown Municipality,'@BongaDlulane Query escalated to media desk.,Friday
2019-11-22 10:07:53,No Hashtag,Unknown Municipality,"'@brox209 You need to enquire with them, as Eskom is not loadshedding",Friday
2019-11-22 08:08:17,No Hashtag,Unknown Municipality,"'@Cgebs1Colinda Hi Colinda, please confirm area and province.",Friday
2019-11-23 05:33:26,No Hashtag,Unknown Municipality,"'@CliffShiko Hi, did you log a call? If so, please forward us your reference number and we will follow-up",Saturday
2019-11-24 06:58:11,No Hashtag,Unknown Municipality,'@d4zza No this is only for direct Eskom customers,Sunday
2019-11-24 13:08:48,No Hashtag,Unknown Municipality,'@dalungstar @CityofJoburgZA Please report to Customer Services on 08600 37566,Sunday
2019-11-23 05:37:01,No Hashtag,Unknown Municipality,'@Daniel_P_Carey Lines are working just fine. How can we help you?,Saturday
2019-11-23 06:39:14,No Hashtag,Unknown Municipality,'@Daniel_P_Carey Pls DM your query and contact details.,Saturday
2019-11-23 06:14:31,No Hashtag,Unknown Municipality,'@Daniel_P_Carey Pls use  MyEskom Customer App https://t.co/99xBTCodMzÂ  to log a call. The system will provide you wâ€¦ https://t.co/BYZr1FYWkc,Saturday
2019-11-24 06:03:23,No Hashtag,Unknown Municipality,'@didintle_mmokwa @KholiweMotlham1 Have you reported to Customer Services? Do you have a reference number?,Sunday
2019-11-23 06:12:34,No Hashtag,Unknown Municipality,'@Dwe_Zulu @denny49020249 @CityofJoburgZA Eskom is aware that some  customers from Kyalami are affected by a cable fâ€¦ https://t.co/id4Z4W1Js4,Saturday
2019-11-26 16:04:51,No Hashtag,Unknown Municipality,'@ElaineJack888 Call escalated to Customer Services,Tuesday
2019-11-21 07:33:46,No Hashtag,Unknown Municipality,'@evxd Please note that this notice is legit and has been served on the municipality,Thursday
2019-11-22 15:57:47,No Hashtag,Unknown Municipality,'@jabzero51 @MorningLiveSABC @SABCNewsOnline @SakinaKamwendo @AdvovoJr Thank you for the alert.  Relevant authorities have been informed,Friday
2019-11-22 07:14:29,No Hashtag,Unknown Municipality,'@jabzero51 @MorningLiveSABC @SABCNewsOnline @SakinaKamwendo Thank you for the alert. Please report to Eskom crime lâ€¦ https://t.co/50UcirMl0D,Friday
2019-11-22 16:27:20,No Hashtag,Unknown Municipality,'@Jaxskaapie @ewnreporter @ewnupdates Barbeque downs has a cable fault which has 3 feeders off. Technicians are stilâ€¦ https://t.co/NpbtYhfTZ2,Friday
2019-11-22 15:58:46,No Hashtag,Unknown Municipality,'@Jaxskaapie @ewnreporter @ewnupdates Is the power still off?,Friday
2019-11-22 16:09:40,No Hashtag,Unknown Municipality,'@KershenReddy @Jaxskaapie @ewnreporter @ewnupdates Will enquire from Customer Services,Friday
2019-11-23 05:32:10,No Hashtag,Unknown Municipality,"'@Kgothatso Hi, pls call 0860037566 to log a call.",Saturday
2019-11-25 07:46:15,No Hashtag,Unknown Municipality,'@Lacoste82554919 Please report your issue to our Customer Services Centre via one of the following channels 0860037â€¦ https://t.co/BXKkMr96kO,Monday
2019-11-22 15:59:52,No Hashtag,Unknown Municipality,'@lorelailette Is the area supplied by Eskom or @City_Ekurhuleni ?,Friday
2019-11-29 09:08:33,No Hashtag,Unknown Municipality,"'@Magudulela_M Hi,  Please log a call on MyEskom Customer App https://t.co/99xBTCodMz . The app provides a reference number.",Friday
2019-11-29 08:55:19,No Hashtag,Unknown Municipality,'@Magudulela_M Please report your issue to our Customer Services Centre via one of the following channels 0860037566â€¦ https://t.co/WJrPE6rYpn,Friday
2019-11-20 14:53:56,No Hashtag,Unknown Municipality,'@Marumofase77 @SABCNewsOnline @IOL @eNCA @ewnupdates @TheCitizen_News @News24 @SAgovnews @AfricaNews24_7 Yes the nuâ€¦ https://t.co/MoN2rAK4QG,Wednesday
2019-11-26 08:57:14,No Hashtag,Unknown Municipality,"'@mashiyanef Hi, please forward us your reference number and we will follow-up.",Tuesday
2019-11-26 09:34:06,No Hashtag,Unknown Municipality,'@mashiyanef Thanks.,Tuesday
2019-11-29 09:12:47,No Hashtag,Unknown Municipality,'@maxon_hadebe @CityofJoburgZA Please log a call on MyEskom Customer App https://t.co/99xBTCodMz . The app provides a reference number.,Friday
2019-11-29 08:53:33,No Hashtag,Unknown Municipality,'@maxon_hadebe @CityofJoburgZA Please report your issue to our Customer Services Centre via one of the following chaâ€¦ https://t.co/3eedDrTuc4,Friday
2019-11-23 14:23:01,No Hashtag,Unknown Municipality,'@MiaPaulaRussell Your query has been escalated to Customer Services,Saturday
2019-11-22 07:15:34,No Hashtag,Unknown Municipality,"'@miss_moss Hi, please call the call centre on 0860037566",Friday
2019-11-21 08:41:09,No Hashtag,Unknown Municipality,'@moiponemoabi Please report to Customer Services on 08600 37566,Thursday
2019-11-24 05:51:06,No Hashtag,Unknown Municipality,'@moitdheki Please report to Customer Services on 08600 37566,Sunday
2019-11-22 14:20:45,No Hashtag,Unknown Municipality,'@MpholoTeboho Report your power outage to Customer Services on 08600 37566,Friday
2019-11-20 10:07:41,No Hashtag,Unknown Municipality,'@MuthambiPaulina @SABCNewsOnline @IOL @eNCA @ewnupdates @TheCitizen_News @News24 @SAgovnews @AfricaNews24_7 Is the power restored as yet?,Wednesday
2019-11-21 14:40:04,No Hashtag,Unknown Municipality,'@mzwandileMasina https://t.co/Ek3kt248K5,Thursday
2019-11-27 09:01:36,No Hashtag,Unknown Municipality,'@No_H_in_Ismail Your query has been escalated to CS.,Wednesday
2019-11-24 12:25:03,No Hashtag,Unknown Municipality,'@PelisaS Please report to Customer Services  on 08600 37566,Sunday
2019-11-23 08:56:09,No Hashtag,Unknown Municipality,'@Phezi_Mimi Pls forward us your reference number and we will follow-up,Saturday
2019-11-27 09:04:44,No Hashtag,Unknown Municipality,"'@plussizewomenSA @JacksonMthembu_ @lelo_taka Good day, pls send us a reference number so that we can follow up.  Ifâ€¦ https://t.co/t35lNfTyHE",Wednesday
2019-11-22 16:28:25,No Hashtag,Unknown Municipality,'@RutterGrant Barbeque downs has a cable fault which has 3 feeders off. Technicians are still on site trying to fix the fault.,Friday
2019-11-22 15:59:10,No Hashtag,Unknown Municipality,'@RutterGrant Is your power still off?,Friday
2019-11-22 17:01:16,No Hashtag,Unknown Municipality,'@RutterGrant No eta as yet,Friday
2019-11-29 12:46:53,No Hashtag,Unknown Municipality,'@saucy_mamiie Pls log a call on 0860037566,Friday
2019-11-27 11:53:05,No Hashtag,Unknown Municipality,"'@SAWeatherServic has issued advisory alerts for a heatwave with persistently high temperatures expected in Limpopo,â€¦ https://t.co/SDJbraHTo8",Wednesday
2019-11-23 06:07:56,No Hashtag,Unknown Municipality,"'@StoneCJenny It will be attended today, customer reported at 20h57 last night, calls logged after 8pm are generallyâ€¦ https://t.co/Y2x9PKHiSy",Saturday
2019-11-23 05:39:43,No Hashtag,Unknown Municipality,'@sw0702 Ext?,Saturday
2019-11-25 07:35:59,No Hashtag,Unknown Municipality,'@tsekiBL Please report your issue to our Customer Services Centre via one of the following channels 0860037566 / SMâ€¦ https://t.co/3vILkIp6bJ,Monday
2019-11-24 05:51:31,No Hashtag,Unknown Municipality,'@WordsAlchemy Please report to Customer Services on 08600 37566,Sunday
2019-11-22 14:19:37,No Hashtag,Unknown Municipality,"Before leaving the office this afternoon,  heading off into the weekend, remember to switch off lights &amp; electricalâ€¦ https://t.co/AOsHfDIiLC",Friday
2019-11-29 12:33:36,No Hashtag,Unknown Municipality,"Before leaving the office this afternoon, heading off into the weekend, remember to switch off lights &amp; electricalâ€¦ https://t.co/Jug75zddaF",Friday
2019-11-25 10:41:06,No Hashtag,Unknown Municipality,Building under Eskom power lines poses a serious danger to the members of the community and is not permitted as higâ€¦ https://t.co/MhKpi7lsKr,Monday
2019-11-22 10:47:50,No Hashtag,Unknown Municipality,Cable theft is one of the main reasons for constant power outages. Report cable theft to @CrimeLineZAâ€¦ https://t.co/Oo0BBBXg2V,Friday
2019-11-27 08:59:45,No Hashtag,Unknown Municipality,Do not interfere with or vandalise Eskom property. Report vandalism to Eskom on 08600 37566 (ESKOM) or @CrimeLineZAâ€¦ https://t.co/ISVH53Vld6,Wednesday
2019-11-25 16:21:44,No Hashtag,Unknown Municipality,Eskom customers are requested to log a service request call on MyEskom Customer App https://t.co/99xBTCodMz  . Theâ€¦ https://t.co/804JKColpR,Monday
2019-11-28 12:53:41,No Hashtag,Unknown Municipality,"Eskom group interim results for the six months ended 30 September 2019 presentation by Eskom CFO, Calib Cassimâ€¦ https://t.co/scqwUcM1W6",Thursday
2019-11-23 06:38:22,No Hashtag,Unknown Municipality,Eskom prepaid customers are requested to direct all prepaid queries including meter error codes and faults to Custoâ€¦ https://t.co/jO9Il3OYxi,Saturday
2019-11-28 12:23:32,No Hashtag,Unknown Municipality,Eskom requires a cost-reflective tariff increase. It is for this reason that we are challenging Nersaâ€™s recent tariâ€¦ https://t.co/oqbQRlJqcC,Thursday
2019-11-27 14:18:21,No Hashtag,Unknown Municipality,Eskom wishes to warn the public about recruitment scams. Eskom vacancies are advertised on our websiteâ€¦ https://t.co/AEyyNYzKKm,Wednesday
2019-11-20 10:29:07,No Hashtag,Unknown Municipality,Eskom's Visitors Centresâ€™ facilities include interactive models on electricity generation. Presentations are tailorâ€¦ https://t.co/iwx5jhUBQP,Wednesday
2019-11-22 08:38:04,No Hashtag,Unknown Municipality,Exposed electric wires is a number one cause of electrical fire hazards. The voltage that runs through homes is higâ€¦ https://t.co/WaqvtphDYz,Friday
2019-11-28 07:23:52,No Hashtag,Unknown Municipality,Happening today: Eskom to present interim results for six months ended 30 September 2019 https://t.co/pgcsvtg7pg,Thursday
2019-11-20 16:37:49,No Hashtag,Unknown Municipality,Have you tried the â€˜MyEskom Customer Appâ€™ https://t.co/k5uCB1kg9i? Convenience at your fingertips to report power oâ€¦ https://t.co/sPkv6neuvV,Wednesday
2019-11-27 07:20:45,No Hashtag,Unknown Municipality,Here are some tips on how to save electricity (and costs) during summer https://t.co/A8z6qrxqtm,Wednesday
2019-11-22 12:18:08,No Hashtag,Unknown Municipality,Here is a simple explanation to help you understand Eskomâ€™s prepaid tariff structure for residential customers. Munâ€¦ https://t.co/pEDA6qy3xW,Friday
2019-11-28 12:25:11,No Hashtag,Unknown Municipality,"In view of the arrear debt by municipalities and individual users, which continues to escalate, it is encouraging tâ€¦ https://t.co/ni8GpGQvLW",Thursday
2019-11-24 13:42:14,No Hashtag,Unknown Municipality,"It is a criminal offence to break or  steal covers of meter boxes, sub-stations or other Eskom property.  Making coâ€¦ https://t.co/osxQA34tiq",Sunday
2019-11-28 16:41:05,No Hashtag,Unknown Municipality,"It is a criminal offence to break or steal covers of meter boxes, sub-stations or other Eskom property.  Making conâ€¦ https://t.co/y6lug0Ju4b",Thursday
2019-11-28 12:20:29,No Hashtag,Unknown Municipality,Of equal importance is the approval by government of the Special Appropriation Act which will provide for governmenâ€¦ https://t.co/woh7dxGHhi,Thursday
2019-11-24 16:05:03,No Hashtag,Unknown Municipality,Overloading plugs can lead to overheating and fires. Last year we lost 117 lives to unsafe electricity use.â€¦ https://t.co/cF5veipKQ5,Sunday
2019-11-21 16:24:48,No Hashtag,Unknown Municipality,Please call your service provider if experiencing a power failure. If serviced by Eskom call 0860037566 / SMS 35328â€¦ https://t.co/qjh8HrNVmE,Thursday
2019-11-22 16:07:23,No Hashtag,Unknown Municipality,Prepaid pricing is based on usage/ consumption rate. number to 35328 for assistance. For comprehensive informationâ€¦ https://t.co/2bUgrMnd9q,Friday
2019-11-26 08:35:09,No Hashtag,Unknown Municipality,President @CyrilRamaphosa addressing Medupi Power Station employees https://t.co/YkqmzEzVpz,Tuesday
2019-11-26 11:37:12,No Hashtag,Unknown Municipality,President @CyrilRamaphosa signs the certificate for the Commercialization of Unit 2 of Medupi Power Plant. https://t.co/eEnvpnvCpF,Tuesday
2019-11-24 06:41:21,No Hashtag,Unknown Municipality,"Register on our Eskom web Site or on our Mobile MyEskom Customer App (Available in the IOS, Windows and Android Appâ€¦ https://t.co/UBENddpOVn",Sunday
2019-11-21 11:14:31,No Hashtag,Unknown Municipality,Re-purposing of appliances is when an appliance that is meant for one use is changed to perform an alternative taskâ€¦ https://t.co/aH1Zqe1ARQ,Thursday
2019-11-28 10:47:08,No Hashtag,Unknown Municipality,RT @Eskom_SA: Eskom customers are requested to log a service request call on MyEskom Customer App https://t.co/99xBTCodMz  . The app providâ€¦,Thursday
2019-11-29 07:44:48,No Hashtag,Unknown Municipality,"RT @EskomFoundation: Co-founder &amp; CEO of @LamoSolar, which installs solar power systems in rural communities, @tshibvumo_s joined the Enginâ€¦",Friday
2019-11-27 16:11:03,No Hashtag,Unknown Municipality,"RT @Exposcience: Eskom Expo for Young Scientists in Gauteng hosts a science camp at Jiyana Secondary School in Tembisa today, and will moveâ€¦",Wednesday
2019-11-28 09:21:11,No Hashtag,Unknown Municipality,"RT @Exposcience: The SKA, funded by 13 nations from around the world, will eventually consist of thousands of dishes scattered across southâ€¦",Thursday
2019-11-20 14:01:55,No Hashtag,Unknown Municipality,RT @Exposcience: Why waste water? Tshepang Hlalele &amp; Mbali Masoka from Leseding Technical Secondary School investigated the amount of waterâ€¦,Wednesday
2019-11-26 08:14:06,No Hashtag,Unknown Municipality,RT @GCISMedia: President Cyril Ramaphosa is addressing members of the media at the handover (commercial operation) of unit 2 at Medupi poweâ€¦,Tuesday
2019-11-26 07:59:15,No Hashtag,Unknown Municipality,"RT @GovernmentZA: President Cyril Ramaphosa received by Minister of Public Enterprises,  Pravin Gordhan, Limpopo Premier  Stanley Mathabathâ€¦",Tuesday
2019-11-20 10:00:09,No Hashtag,Unknown Municipality,RT @GP_DHS: The @GautengProvince made a commitment to electrify the area in order to avoid any harm that could be caused by illegal connectâ€¦,Wednesday
2019-11-26 09:15:34,No Hashtag,Unknown Municipality,"RT @GwedeMantashe1: ""Coal will continue playing a critical role in Energy generation for our country. SA has enough coal for years to come.â€¦",Tuesday
2019-11-26 08:44:43,No Hashtag,Unknown Municipality,"RT @GwedeMantashe1: ""We are not going to privatise @Eskom_SA. We are not going to sell Eskom. Eskom will continue being owned by our governâ€¦",Tuesday
2019-11-26 08:33:38,No Hashtag,Unknown Municipality,RT @JacksonMthembu_: This morning we visited Eskomâ€™s Medupi Power Station in Lephalale with President Ramaphosa &amp; Minister of Public Enterpâ€¦,Tuesday
2019-11-28 10:06:38,No Hashtag,Unknown Municipality,"RT @OverstrandMuni: We are currently experiencing a power outage in PEARLY BEACH due to a cable fault. 
Power is estimated to be restored aâ€¦",Thursday
2019-11-26 08:43:37,No Hashtag,Unknown Municipality,"RT @SAgovnews: â€œWe are not going to privatize Eskom. We are not going to sell Eskom. Itâ€™s like selling your family, we are not going to doâ€¦",Tuesday
2019-11-26 08:50:59,No Hashtag,Unknown Municipality,"RT @SAgovnews: He says it is great to see that there are many women workers at the plant. He says they are not just workers, but are also iâ€¦",Tuesday
2019-11-26 08:47:39,No Hashtag,Unknown Municipality,"RT @SAgovnews: I want to repeat: we are not privatizing @Eskom_SA, weâ€™ll just make it operate better so it can be in line with times and coâ€¦",Tuesday
2019-11-26 08:38:37,No Hashtag,Unknown Municipality,RT @SAgovnews: President @CyrilRamaphosa has arrived at the venue. He is accompanied by @DPE_ZA Minister Pravin Gordhan and @Eskom_SA Chairâ€¦,Tuesday
2019-11-26 07:09:26,No Hashtag,Unknown Municipality,RT @SAgovnews: President @CyrilRamaphosa is this morning at Eskomâ€™s flagship Medupi power station. He will tour the plant and later addressâ€¦,Tuesday
2019-11-26 08:46:07,No Hashtag,Unknown Municipality,"RT @SAgovnews: The President begins his address by honouring the workers at the plant, he says their contribution is recognized. â€œYou haveâ€¦",Tuesday
2019-11-28 12:16:21,No Hashtag,Unknown Municipality,The appointment of the GCE of Eskom brings further leadership stability to our business and enables us to advance tâ€¦ https://t.co/nVmEx909UV,Thursday
2019-11-28 12:19:13,No Hashtag,Unknown Municipality,The office of the CRO has been set up to work with govt in finding a sustainable solution to our debt problems. Weâ€¦ https://t.co/p466rxeFxq,Thursday
2019-11-22 06:58:37,No Hashtag,Unknown Municipality,"To register a pre-paid meter, visit an Eskom office with the ID number of the person in whose name the meter is toâ€¦ https://t.co/ndhdlyeNm5",Friday
2019-11-25 07:02:18,No Hashtag,Unknown Municipality,What to do &amp; what to look for when experiencing a power failure. Details: https://t.co/mAanpAEN8S,Monday
2019-11-23 16:13:28,No Hashtag,Unknown Municipality,What to do &amp; what to look for when experiencing power failure. Details: https://t.co/mAanpAEN8S,Saturday
2019-11-20 14:28:12,No Hashtag,Unknown Municipality,"When you are at home, you spend most of your time in your living areas and bedrooms. Many â€˜switch off â€™ habits andâ€¦ https://t.co/kmFCYbTsgI",Wednesday
